Username,Password,Foto Profil
ardika,000000,C:/Users/Putra/Downloads/the-1975-artist-band-1-1392x884.jpg
gggggg,111111,C:/Users/Putra/Downloads/ab6761610000e5ebcb925d1cd51e4604cc97304d.jpeg
111111,111111,C:/Users/Putra/Downloads/the-1975-artist-band-1-1392x884.jpg
hhhhhh,hhhhhhh,C:/Users/Putra/Downloads/the-1975-artist-band-1-1392x884.jpg
yagdwhjvsaw,jhavduyKG,C:/Users/Putra/Downloads/the-1975-artist-band-1-1392x884.jpg
=======,LHDLhdw,C:/Users/Putra/Downloads/the-1975-artist-band-1-1392x884.jpg
GDBHSK,ASJCBFKSWB,C:/Users/Putra/Downloads/the-1975-artist-band-1-1392x884.jpg
jBADAlkbf,EFNKJDZE,C:/Users/Putra/Downloads/the-1975-artist-band-1-1392x884.jpg
qawnf.sa,jASWBFASKA,C:/Users/Putra/Downloads/the-1975-artist-band-1-1392x884.jpg
javXHJ,aschbjas,C:/Users/Putra/Downloads/the-1975-artist-band-1-1392x884.jpg
aaaaaaaa,bbbbbbbbbb,C:/Users/Putra/Downloads/the-1975-artist-band-1-1392x884.jpg
jaksgFEWkzwja,kxWFBLASJDzx,C:/Users/Putra/Downloads/the-1975-artist-band-1-1392x884.jpg
KsCBAWJK,QIWddwq,C:/Users/Putra/Downloads/the-1975-artist-band-1-1392x884.jpg
lsc/nw,wjCBKA,C:/Users/Putra/Downloads/the-1975-artist-band-1-1392x884.jpg
AHSWQDJ,jkbcsjk,C:/Users/Putra/Downloads/the-1975-artist-band-1-1392x884.jpg
cobacoba,111111,C:/Users/Putra/Downloads/a7e1e181c86b935f2e9f7e1ca0912386.jpg
